{
    "success": true,
    "error_code": 0,
    "category_list": [
        {
            "name": "全部",
            "id": "0"
        },
        {
        	"name": "百货",
        	"id": "1"
        },
        {
        	"name": "美食",
        	"id": "2"
        },
        {
        	"name": "美妆",
        	"id": "3"
        },
        {
        	"name": "鞋包",
        	"id": "4"
        },
        {
            "name": "其他",
            "id": "5"
        }
    ],
    "banner_list": [
        {
            "action": {
                "type": "click",
                "url": "http://www.baidu.com"
            },
            "img_url": "http://oss1.lanlanlife.com/c0bb79e77b28d319a493b2dad82b3665_300x750.jpg"
        },
        {
        	"action": {
        		"type": "click",
        		"url": "http://www.baidu.com"
        	},
        	"img_url": "http://oss1.lanlanlife.com/c0bb79e77b28d319a493b2dad82b3665_300x750.jpg"
        },
        {
        	"action": {
        		"type": "click",
        		"url": "http://www.baidu.com"
        	},
        	"img_url": "http://oss1.lanlanlife.com/c0bb79e77b28d319a493b2dad82b3665_300x750.jpg"
        },
        {
            "action": {
                "type": "click",
                "url": "http://www.baidu.com"
            },
            "img_url": "http://oss1.lanlanlife.com/c0bb79e77b28d319a493b2dad82b3665_300x750.jpg"
        }
        
    ],
    "second_category_list": [
        {	
        		"category_id":"2",
            "img_url": "//oss1.lanlanlife.com/d33623ac39582767649d5aeae42d9ab7_84x84.jpg",
            "name": "卫衣绒衫"
        },
        {	
        	"category_id":"2",
        	"img_url": "//oss1.lanlanlife.com/d33623ac39582767649d5aeae42d9ab7_84x84.jpg",
        	"name": "卫衣绒衫"
        },
        {	
        	"category_id":"2",
        	"img_url": "//oss1.lanlanlife.com/d33623ac39582767649d5aeae42d9ab7_84x84.jpg",
        	"name": "卫衣绒衫"
        },
        {	
        	"category_id":"2",
        	"img_url": "//oss1.lanlanlife.com/d33623ac39582767649d5aeae42d9ab7_84x84.jpg",
        	"name": "卫衣绒衫"
        },
        {	
        	"category_id":"2",
        	"img_url": "//oss1.lanlanlife.com/d33623ac39582767649d5aeae42d9ab7_84x84.jpg",
        	"name": "卫衣绒衫"
        },
        {	
        	"category_id":"2",
        	"img_url": "//oss1.lanlanlife.com/d33623ac39582767649d5aeae42d9ab7_84x84.jpg",
        	"name": "卫衣绒衫"
        },
        {	
        	"category_id":"2",
        	"img_url": "//oss1.lanlanlife.com/d33623ac39582767649d5aeae42d9ab7_84x84.jpg",
        	"name": "卫衣绒衫"
        },
        {	
        	"category_id":"2",
        	"img_url": "//oss1.lanlanlife.com/d33623ac39582767649d5aeae42d9ab7_84x84.jpg",
        	"name": "卫衣绒衫"
        }
    ],
    "topic_list": [
        {
            "name": "left",
            "img_url": "//oss2.lanlanlife.com/8bddec2d5d7259cbc820f25675c38df8_280x224.png",
            "action": {
                "type": "click",
                "url": "http://www.baidu.com"
            }
        },
        {
            "name": "top",
            "img_url": "//oss1.lanlanlife.com/9320dba232f99ed85ea3e92da3d47251_130x466.png",
            "action": {
                "type": "click",
                "url": "http://www.baidu.com"
            }
        },
        {
            "name": "down-left",
            "img_url": "//oss1.lanlanlife.com/a8b7c89d5a187492526d7284874b6aef_132x224.png",
            "action": {
                "type": "click",
                "url": "http://www.baidu.com"
            }
        },
        {
            "name": "down-right",
            "img_url": "//oss3.lanlanlife.com/9179e713b595b607e181c3472d3b4d80_132x222.png",
            "action": {
                "type": "click",
                "url": "http://www.baidu.com"
            }
        }
    ]
}